3,"Автономная 			некоммерческая организация содействия молодой семье ""Венец""",Приморский край,"Школа для детей и родителей 			""Семейный ас""","400 			000,00"
12,Славянский фонд 			России,г. 			Москва,"Открытый 			гражданский проект ""Культура мира XXI века""","1 			500 000,00"
15,"Общественная 			организация ""Совет женщин Автозаводского района""",Самарская 			область,Вечные ценности,"400 			000,00"
17,"Автономная 			некоммерческая организация ""Областной киноклуб""",Кировская 			область,"Создание серии 			видеофильмов ""Вятская летопись""","400 000,00"
19,"Филиал 			общественной организации ""Союз кинематографистов Российской 			Федерации"" в Республике Дагестан",Республика 			Дагестан,Документальный 			видеофильм о народно-прикладном искусстве Дагестана,"400 000,00"
23,Краснодарское 			краевое отделение Всероссийской общественной организации Всероссийское 			общество охраны памятников истории и культуры (ВООПИК),Краснодарский 			край,"Краеведческая 			патриотическая акция - экспедиция ""Обелиск""","400 000,00"
24,"Дальневосточная 			Ассоциация Управления Проектами ""АМУРНЕТ""",Амурская 			область,"""Проектные 			технологии для сохранения и развития сёл Амурской области""","300 			000,00"
27,"Общероссийское 			общественное движение ""Союз православных граждан""",г. Москва,"Издание журнала, привносящего 			высокие духовные традиционные начала в процесс формирования гражданского 			общества","1 			000 000,00"
28,"Благотворительная 			общественная организация""Ассоциация исполнительского искусства 			Дагестана""",Республика 			Дагестан,"""Табасаранский 			музыкальный фольклор""","400 000,00"
33,"Амурская 			областная организация Общероссийской общественной организации инвалидов 			""Всероссийское Ордена Трудового Красного Знамени общество слепых""",Амурская область,"""К свету 			через культуру""","200 000,00"
39,"Челябинская 			областная организация общественной организации Общество ""Знание"" 			России",Челябинская 			область,Народный 			университет - важнейший компонент развития системы обучения в течение всей 			жизни.,"700 000,00"
44,Региональная 			общественная организация Героев Социалистического Труда и полных кавалеров 			ордена Трудовой славы,г. Москва,"Издание книги 			""Герои Труда России""","250 000,00"
46,"Общественная 			организация ""Координационный совет молодых ученых и специалистов 			Республики Саха (Якутия)""",Республика Саха 			(Якутия),"Комплексная 			научно-образовательная экспедиция молодых ученых ""Южная Якутия: 			социально-экономические, медико-биологические, экологические, 			историко-культурологические аспекты)""","500 000,00"
50,"Учреждение 			культуры ""Центр поддержки и социально-творческой реабилитации инвалидов 			Архангельского регионального отделения общественной организации 			Всероссийского общества глухих""",Архангельская 			область,"""ПОЮЩИЕ 			РУКИ""","425 000,00"
51,"Общероссийская 			Общественная Организация ""Ассоциация коренных малочисленных народов 			Севера, Сибири и Дальнего Востока РФ""",г. Москва,Сохранение 			культурного наследия коренных народов Севера,"800 000,00"
53,Общественная 			Организация  Санкт-Петербургское 			отделение Российского творческого Союза работников культуры,Санкт-Петербург,"Международный 			Фестиваль-конкурс ""Виртуозы гитары""","300 000,00"
55,"Некоммерческое 			партнерство по развитию социально-экономических программ ""Общественный 			совет ""Потенциал нации""",г. Москва,"Российский 			фестиваль литературного творчества ""Душа России""","250 000,00"
56,"Благотворительный 			фонд помощи детям с онкологическими и онкогематологическими заболеваниями 			""Жизнь""",г. Москва,Разработка 			комплексной системы организации досугового пространства жизни детей с 			тяжелыми заболеваниями в больнице,"500 000,00"
67,"Некоммерческое  партнёрство  			""Толеранс""",Республика 			Дагестан,"""Народная  дипломатия  			-  залог  мира  			в  ""Кадарской  зоне""  			и  прилегающих  территориях  			РД""","300 000,00"
71,"Пермский 			общественный фонд культуры ""Юрятин""",Пермский край,"""Всеволодо-Вильва 			на перекрестке русской культуры""","700 000,00"
72,"Региональный 			благотворительный общественный фонд содействия театру и телевидению 			""Маски""",г. Москва,"Телевизионно-театральный 			фестиваль ""В добрый час! Молодые силы искусства (Москва - Поволжье)","500 000,00"
76,"Общественное 			движение ""Женщины Нижнего Новгорода""",Нижегородская 			область,"""Женщины 			Нижнего Новгорода - молодежи Нижегородского края: культура, духовность, 			традиции""","700 000,00"
77,"Некоммерческое 			партнерство ""Архангельский  			социально  правовой  центр""",Архангельская 			область,"""Информационно-просветительский 			комплекс Дома пропаганды памятников истории и культуры Русского Севера""","800 000,00"
80,"Ставропольская 			городская общественная организация инвалидов ""Наши дети""",Ставропольский 			край,"""Создание 			Центра дополнительного образования для детей с инвалидностью""","350 000,00"
81,"Карачаево-Черкесский 			Республиканский совет ветеранов (пенсионеров), войны, труда, Вооружённых Сил 			и правоохранительных органов",Карачаево-Черкесская 			республика,"""Военно-патриотическое 			воспитание молодёжи в системе, допризывной подготовки, народного образования, 			с привлечением к этой работе лучших культурных традиций и обычаев народов 			Карачаево-Черкесской Республики"".","800 000,00"
89,"Автономная 			некоммерческая организация ""Центр международных проектов"" (АНО ЦМП)",г. Москва,"""Общественная 			дипломатия"" как механизм регионального сотрудничества на примере решении 			экологических проблем Каспийского моря""","1 500 000,00"
90,Фонд 			социально-экономических и интеллектуальных программ,г. Москва,Молодые  (новые) писатели России,"2 000 000,00"
91,"Оренбургская 			областная организация Общероссийской общественной организации 			""Всероссийское общество инвалидов""",Оренбургская 			область,"""Центр   социокультурной реабилитации  и  			адаптации инвалидов     			""РАВЕНСТВО""","700 000,00"
96,"Региональное 			общественное учреждение ""Экосоцкультура""",Кемеровская 			область,"""Совещательный 			диалог""","700 000,00"
98,"Псковская 			областная общественная организация ""Чудской проект""",Псковская 			область,"""Учебно-методический 			комплекс для регионального эко-образования""","500 000,00"
99,"Коми 			региональное общественное учреждение ""Созидание""",Республика Коми,"Воссоздание, 			развитие и пропаганда национальных культурных и молодежных самодеятельных 			традиций (на примере самобытной старожильческой культуры Усть-Цильмы и 			добровольных молодежных трудовых студенческих объединений.)","500 000,00"
100,"Читинская 			региональная общественная организация бурят, проживающих вне автономных 			образований (ЧРООБ)",Читинская 			область,Моё тоонто - в 			Забайкалье,"598 000,00"
104,"Некоммерческий 			фонд ""Фонд развития Сергиева Посада""",Московская 			область,Создание 			культурно-информационного просветительского центра,"300 000,00"
105,"Волгоградская 			областная детская общественная организация яхт-клуб ""ПАРУС"" имени 			В.С. Высоцкого",Волгоградская 			область,Всероссийский 			фестиваль авторской песни памяти В.С. Высоцкого на Волге,"800 000,00"
111,"Каменск-Уральская 			городская организация Общественной организация Общество ""Знание"" 			Росии",Свердловская 			область,"""Деятельные 			пенсионеры Урала""","290 000,00"
112,"Некоммерческая 			организация - Фонд ""КГД""- социальный партнер ""КАО""",Камчатский край,"""Открытый 			мир, одаренных детей Корякии""","500 000,00"
116,"Общественная 			организация ""Педагогическое общество"" г. Арзамаса Нижегородской 			области",Нижегородская 			область,"""Команда 			профессионалов: защитим детей от  			беды!""","500 000,00"
121,"Еврейское 			областное региональное отделение общероссийской общественной организации 			""Муниципальная Академия""",Еврейская АО,"""Жилищный 			урок""","550 000,00"
122,"Автономная 			некоммерческая общественная организация Творческий клуб ""ВЗЛЁТ""",Ростовская 			область,"Литературный 			творческий клуб ""Взлёт""","300 000,00"
126,"Майкопская 			городская общественная организация ""Семь-Я""",Республика 			Адыгея,"""Шаг к 			прозрению""","500 000,00"
127,"Коми 			Республиканская общественная организация ""Федерация Туризма Республики 			Коми""",Республика Коми,"""Таежное 			кольцо"" (образовательный проект для села в сфере туризма)","500 000,00"
129,"Хабаровская 			региональная общественная организация гражданских инициатив 			""Будильник""",Хабаровский край,"""Создание 			памятного знака ""Памяти жертв политических репрессий"" в посёлке 			Хор""","80 000,00"
135,"Некоммерческая 			ассоциация ""Поволжский центр культур финно-угорских народов""",Республика 			Мордовия,"Проект 			""Развитие культуры и функционирование языков в регионах России с 			компактным проживанием мордовского (мокшанского и эрзянского) народа - 			Диаспора""","500 000,00"
137,"Волгоградское 			региональное отделение общероссийского общественного благотворительного фонда 			""Российский детский Фонд"".",Волгоградская 			область,"""Вечный 			огонь Сталинграда - в душе моей!"", посвященный 65-летию Победы в 			Сталинградской битве","500 000,00"
142,"Дагестанское 			отделение Международной Общественной организации ""Лига защиты 			культуры""",Республика 			Дагестан,"Культурно-информационный 			цент ""Созвучие""","300 000,00"
144,"Благотворительный 			фонд ""ЭСКО""",г. Москва,"""Летопись 			улиц моего города - историко-культурное наследие для детей и юношества""","2 500 000,00"
146,"Некоммерческое 			партнерство ""СМИ против терроризма и экстремизма""",г. Москва,"""Экспертные 			сообщества и российско-американский диалог""","800 000,00"
158,"Автономная 			некоммерческая организация ""Акме"" (Центр нравственного воспитания 			детей и молодёжи г. Казани)",Республика 			Татарстан,"Программа 			гражданско-нравственного воспитания детей, подростков и молодёжи 			""Золотая стезя""","400 000,00"
160,Межрегиональная 			общественная организация Научно-просветительный центр,г. Москва,Уроки Холокоста 			- путь к толерантности,"1 000 000,00"
163,"Кемеровское 			областное отделение ""Союз писателей Кузбасса"" Общероссийской 			общественной организации ""Союз писателей России"".",Кемеровская 			область,"""Поэзия U 			просвещение"".","500 000,00"
172,"Межрегиональная 			общественная организация ""Ассоциация по связям с соотечественниками за 			рубежом ""Родина""",г. Москва,Моя родина - 			Россия,"800 000,00"
173,"Региональная 			общественная организация Союз ""Женщины Дона""",Ростовская 			область,Вместе планируем 			перемены ч.2,"700 000,00"
176,"Ассоциация 			""Народные художественные промыслы России"", некоммерческая 			организация г.Москва",г. Москва,Поддержка 			творчества молодых мастеров народных художественных промыслов России как 			основополагающий фактор сохранения национального достояния России и средство 			укрепления связей между народами посредством общественной дипломатии,"3 000 000,00"
184,"Воронежская 			региональная общественная организация инвалидов ""Домашняя академия""",Воронежская 			область,"""Народный 			Университет""","145 000,00"
185,"Автономная  некоммерческая организация Средняя 			общеобразовательная частная школа ""Наследник""",Московская 			область,"Образовательный 			Проект ""Формирование финансовой грамотности и воспитание финансовой 			культуры школьников""","2 500 000,00"
188,"Местная 			общественная молодежная организация ""Объединение студентов Кировско - 			Апатитского района""",Мурманская 			область,"""Где 			родился - там и пригодился""","100 000,00"
190,"Религиозная 			организация Православное Братство ""РАДОНЕЖ"" Русской Православной 			Церкви",г. Москва,"Международный 			Фестиваль теле- и радиопрограмм ""РАДОНЕЖ""","1 500 000,00"
191,"Ставропольское 			краевое отделение Всероссийской общественной организации ""Всероссийское 			общество охраны памятников истории и культуры""",Ставропольский 			край,"""Южные 			рубежи россии""","700 000,00"
192,"Санкт-Петербургская 			благотворительная общественная организация ""Душа ребёнка""",Санкт-Петербург,"""История 			Российского флота в музеях Санкт- Петербурга""","150 000,00"
195,Амурская 			региональная молодежная общественная организация,Амурская область,Поддержка и 			развитие молодежного творческого движения региона,"445 000,00"
196,"Общественная  благотворительная организация 			""Санкт-Петербургский Совет Мира и Согласия""",Санкт-Петербург,"""Диалог 			религий и культур - путь к миру и согласию""","900 000,00"
199,"Волгоградская 			региональная общественная организация ""Клуб Парнас""",Волгоградская 			область,Спасение 			российских библиотек,"500 000,00"
203,"Волгоградская 			региональная общественная организация творческой молодежи ""Новая 			лодка""",Волгоградская 			область,Школа авторской 			песни,"500 			000,00"
208,"Липецкая 			областная общественная организация ""Общество им. И.А. Бунина""",Липецкая область,Изготовление макета и 			тиражирование Бунинской Энциклопедии в 2-х томах,"500 			000,00"
214,"Нижегродская 			областная общественная организация ""Крепкая Семья""",Нижегородская 			область,"""Крепка 			семья - крепка держава"" - фестиваль семейного творчества","500 000,00"
215,"НКО 			""Международный благотворительный фонд ""Откроем мир детям""",Санкт-Петербург,Применение новых 			информационных технологий в целях всестороннего образования и саморазвития 			детей-сирот в детских домах и приютах и детей с ограниченными физическими 			возможностями,"1 000 000,00"
217,"Вологодское 			региональное отделение общероссийского общественного благотворительного фонда 			""Российский детский фонд""",Вологодская 			область,"""Научись 			быть гражданином""","200 000,00"
219,"Карельская 			региональная организация ВТОО ""Союз художников России"" - 			общественная организация",Республика 			Карелия,"""АКВАБИЕННАЛЕ 			2008"" - 3я международная выставка акварельной живописи","300 000,00"
220,"Карельская   региональная общественная организация 			""Общество ""Знание"" РК""",Республика 			Карелия,Школа  для будущего,"400 000,00"
224,Новгородский 			региональный общественный Фонд содействия некоммерческим проектам,Новгородская 			область,"""Вечно 			НОВыйГОРОД!"". Международная молодежная творческая сессия для дизайнеров.","500 000,00"
231,"Некоммерческая 			организация  Фонд ""Всемирная 			Энциклопедия Путешествий""",г. Москва,"Образовательно-просветительский 			проект ""Школа Следопытов""","700 000,00"
236,Федеральная 			национально-культурная автономия татар,Республика 			Татарстан,IV Международный 			фестиваль татарской песни имени Рашита Вагапова,"800 000,00"
240,"Автономная 			некоммерческая организация ""Дом народных ремесел""",Республика 			Мордовия,Межрегиональный 			фестиваль творчества молодежи и студентов,"300 000,00"
242,"Автономная 			некоммерческая организация Фонд гуманитарного развития ""Открытая 			Мордовия""",Республика 			Мордовия,Детское чтение,"300 			000,00"
249,"Курская 			областная общественная организация Общества ""Знание"" России",Курская область,Молодые обучают молодых,"500 			000,00"
251,Ивановская  областная  			общественная организация ветеранов военной службы,Ивановская 			область,"""Морские 			кадеты""","300 			000,00"
252,"Курское 			региональное отделение Общероссийской общественной организации ""Союз 			писателей России""",Курская область,"Творческая учеба молодых 			литераторов Курской области, как важная состав-ляющая 			нравственно-патриотического становления гражданского общества","300 			000,00"
254,"Региональный 			общественный благотворительный фонд ""Московский детский фонд""",г. Москва,"""Послания 			детства""  (V-й Международный 			фестиваль экранного творчества ""Московские каникулы"" 27 мая -1 июня 			2008 г.)","550 000,00"
267,"Некоммерческое 			партнерство ""Палата ремесел""",Тамбовская 			область,"""Живи, 			глубинка!""","450 000,00"
274,Межрегиональный 			благотворительный фонд помощи заключенным,г. Москва,"""Территория 			партнерства 2008""","3 500 000,00"
275,"Челябинской 			региональная общественная организация ""Молодежная палата""",Челябинская 			область,"""Школа 			Гражданственности""","700 000,00"
277,"Общероссийская 			Общественная организация "" Конфедерация деловых женщин России""",г. Москва,"""Образовательный 			проект: в области электронной экономики  			для женщин-предпринимателей, работающих в секторе оказания 			негосударственных социальных услуг населению""","3 800 000,00"
279,"Региональная 			общественная организация ""Московский центр непрерывного образования 			взрослых""",г. 			Москва,Психологическое 			сопровождение семьи,"1 			000 000,00"
281,"Международный 			союз общественных объединений ""Международный ""Общественно - 			Экономический Союз (женщин)""",г. Москва,"""Программа в области 			культуры между общественными  			организациями России и Арабского мира""","3 			300 000,00"
284,"Негосударственное 			образовательное учреждение высшего профессионального образования 			""Санкт-Петербургский Гуманитарный университет профсоюзов""",Санкт-Петербург,Обучение 			профсоюзных кадров и актива на базе,"2 000 000,00"
286,"Региональное 			общественное движение ""Конгресс петербургской интеллигенции""",Санкт-Петербург,VIII 			Международные Лихачевские научные чтения,"2 500 000,00"
295,"Тульская 			региональная общественная организация ""Центр духовного и физического 			здоровья ""София""",Тульская область,"детский 			фестиваль ""Мир, в котором мы живем""","200 000,00"
302,Региональная 			профессиональная общественная организация Рязанское библиотечное общество,Рязанская 			область,"Межрегиональная 			конференция ""Библиотека - территория толерантности""","185 000,00"
306,"Ярославское 			региональное отделение Общероссийской общественной организа-ции 			""Ассамблея народов России""",Ярославская 			область,"""Школа 			этнотолерантности"" (""Школа дружбы народов"")","500 000,00"
311,"Международный 			общественный фонд ""Фонд национальной и международной безопасности""",г. Москва,"""Молодежная 			общественная дипломатия в странах СНГ и Балтии: российский вектор""","2 000 000,00"
314,"Сахалинская 			областная общественная организация Клуб ""Бумеранг""",Сахалинская 			область,Сахалин: человек 			и море,"158 000,00"
316,"Некоммерческое 			учреждение ""Культурно-спортивный реабилитационный комплекс""  Татарской  			региональной организации Общественной организации инвалидов 			Всероссийского ордена Трудового Красного Знамени общества слепых",Республика 			Татарстан,"Студия 			звукозаписи ""Прикосновение""","500 000,00"
319,"Межрегиональная 			общественная организация помощи детям с особенностями психоречевого развития 			и их семьям ""Дорога в мир""",г. Москва,"Пусть будет 			дверь открыта! (поддержка социальной адаптации и интеграции молодых людей - 			инвалидов с тяжелыми нарушениями интеллекта, психики и поведения)","350 000,00"
329,"Региональное 			молодежное общественное движение ""Диалог""",Чеченская 			республика,"""Добровольчество 			и Народная дипломатия""","500 000,00"
332,"Некоммерческая 			организация ""Благотворительный фонд поддержки и развития русского 			романса ""Романсиада""",г. Москва,Международный 			конкурс молодых исполнителей русского романса,"800 000,00"
349,"Кировская 			областная общественная молодежная поисковая организация ""Долг""",Кировская 			область,"""Плацдарм""","400 000,00"
358,"Автономная 			некоммерческая организация ""Московская педагогическая академия""",г. Москва,"""Духовно-нравственное 			и патриотическое воспитание в современной системе образования""","4 000 000,00"
359,"Благотворительный 			фонд поддержки культуры и народного творчества ""Наследие соловьиного 			края""",Курская область,Художественная 			культура провинции - национальное достояние народа.,"500 000,00"
361,"Фонд 			Научных исследований ""XXI век""",Санкт-Петербург,Молодежные 			научные проекты. От идеи до реализации,"500 000,00"
363,"Нижегородский 			областной центр социально-трудовой и психологической реа-билитации инвалидов 			по зрению ""Камерата"" ОООИ-РАНСиС",Нижегородская 			область,Развитие 			кадровой и методической базы обучения незря-чих пользователей компьютера в 			Приволжском федераль-ном округе,"300 000,00"
367,"Некоммерческая 			организация Центр Казачьей культуры ""Ставрополь - город Святого 			Креста""",Самарская 			область,"IV Открытый 			фестиваль ""Туроверовские чтения"", посвященный памяти великого 			казачьего поэта XX века,","300 000,00"
368,"Мордовское 			республиканское детско-юношеское общественное движение ""Истоки""",Республика 			Мордовия,"""Приоритет"" 			- создание инновационной педагогической площадки для развития педагогических 			вожатских объединений","230 000,00"
374,"Автономная 			некоммерческая организация ""Институт диаспоры и интеграции"" 			(""Институт стран СНГ"")",г. Москва,"""Эволюция 			социально-политического положения российской диаспоры в странах СНГ""","3 500 000,00"
380,"Ульяновский 			городской общественный фонд поддержки культуры и искусства ""Живой 			звук""",Ульяновская 			область,Международная 			молодёжная Ассамблея национальных культур,"700 000,00"
383,"Региональная 			общественная организация ""Коренные женщины Республики Коми""",Республика Коми,Этнографическая 			деревня,"700 000,00"
385,"Общероссийская 			общественная организация инвалидов ""Всероссийское общество глухих""",г. Москва,Проведение 			Всероссийского фестиваля творчества инвалидов по слуху,"700 000,00"
387,"Автономная 			некоммерческая организация ""Ульяновский клуб гражданского 			образования""",Ульяновская 			область,"""ЗаРЯ!"" 			(За русский язык!)","500 000,00"
396,"Тюменская 			региональная благотворительная молодежная общественная организация ""Мост 			надежды""._",Тюменская 			область,"""Детдом, 			тюрьма…Что дальше?"" в рамках программы ""Пристань надежды""","1 000 000,00"
397,"Фонд 			""Центр духовного возрождения Черноземного края""",Воронежская 			область,Региональный 			компонент в воспитании патриотизма подрастающего поколения: новые подходы.,"220 000,00"
401,"""Фонд 			содействия духовному, культурному и хозяйственному единству Республики   Беларусь,   			Российской   Федерации,   Украины   			и   других православных 			государств""",Белгородская 			область,"""Содействие 			гуманитарному и экономическому сотрудничеству приграничных и других регионов 			России с Украиной и Беларусью""","285 000,00"
406,"Орловская 			областная организация общероссийской общественной организации 			""Всероссийское Общество Инвалидов"";",Орловская 			область,"""Социокультурная 			реабилитация людей с ограниченными физическими возможностями  через  			формирование  в первичных 			организациях ВОИ, ВОГ и ВОС информационно-аналитических центров газеты 			""Орловские вести ВОИ"" сообщества инвалидов Орловской области""","300 000,00"
414,"Саратовская 			региональная общественная организация ""Согдиана""",Саратовская 			область,"""Адаптационный 			центр мигрантов""","400 000,00"
416,"Общественная 			организация ""Архангельский городской штаб школьников им.  А.П. Гайдара""",Архангельская 			область,"Лагерь труда и 			отдыха ""Соловки 2008""","200 000,00"
419,"Алтайский 			краевой общественный Фонд ""Алтай - 21 век""",Алтайский край,"Научно-практический 			семинар ""Единое культурное пространство Большого Алтая""","330 000,00"
423,"Некоммерческое 			партнёрство ""Координирующий ""Помор - центр""",Архангельская 			область,"Межведомственная, 			междисциплинарная, экспериментальная, целевая подпрограмма ""Соловецкие 			юнги"" (2005-2016гг)","700 000,00"
424,Дубровское 			районное отделение Брянской региональной организации Общероссийской 			общественной организации инвалидов войны в Афганистане.,Брянская область,"""Солдаты 			войны против войны""","190 000,00"
428,"Автономная 			некоммерческая организация ""Белгородская дирекция экономического форума 			Собора славянских народов Беларуси, России, Украины""",Белгородская 			область,Три страны - 			один народ - интеграция как фактор процветания славянского народа,"900 000,00"
429,"Межрегиональная 			общественная организация ""Лингвистический Клуб""",Республика 			Дагестан,Дагестанский 			Ресурсный Центр НКО,"900 000,00"
430,"Общественная 			организация Союз детских организаций Томской области ""Чудо""",Томская область,ЧУДО - Медиа,"300 000,00"
431,"Самарское 			региональное отделение Международной общественной организации 			""Российская Ассоциация содействия ООН""",Самарская 			область,"""Молодежный 			клуб политической культуры""","175 000,00"
434,"Общероссийская 			общественная организация ""Российская Ассоциация Героев""",г. Москва,"""Герои 			России - Отчизне"". Ежегодная музыкальная премия ""Голос 			Отечества""","1 200 000,00"
439,Некоммерческая 			общественная организация национально-культурная автономия татар Ивановской 			области,Ивановская 			область,"Социальный 			проект ""Этнокультурный компонент в современной школе как средство 			воспитания культуры межнационального общения""","500 000,00"
443,"Общественная 			организация ""магаданская областная организация всероссийского общества 			инвалидов"" г. Магадан",Магаданская 			область,"""Оказание 			практической помощи учащимся общеобразовательных школ с ограниченными 			физическими возможностями в освоении общеобразовательных программ 			экстерном""","420 000,00"
444,Магаданская 			областная общественная Ассоциация коренных малочисленных народов и этнических 			групп Севера,Магаданская 			область,"""Жив язык - 			живет народ""","450 000,00"
445,"Межрегиональная 			общественная организация ""Форум женщин Уральского федерального 			округа""",Свердловская 			область,"Ассамблея 			""Женщины - лидеры новой России""","500 000,00"
448,"Калининградский 			общественный фонд ""Центр поддержки общественных инициатив""",Калининградская 			область,"""Идея-концепция-проект-закон""","300 000,00"
457,"Региональная 			общественная организация ""Научно-техническая ассоциа-ция 			""Актуальные проблемы фундаментальных наук""",г. Москва,"Организация и 			проведение Российской научной школы-семинара ""Академия юных"" для 			школьников 7-10 классов","600 000,00"
458,"Образовательное 			учреждение профсоюзов ""Академия труда и социальных отношений""",г. Москва,"""Создание 			дистанционной системы обучения и подготовки профсоюзных 	кадров в 			регионах""","2 000 000,00"
459,"Региональная 			общественная благотворительная организация ""Новгородский фонд 			культуры""",Новгородская 			область,"""Одаренные 			дети""","290 000,00"
462,"Автономная 			некоммерческая организация ""Брасс-Аккорд""",Московская 			область,Мозаика Большого 			Искусства,"1 800 000,00"
467,"Некоммерческая 			организация  ""Муниципальный союз 			Тюменской области""",Тюменская 			область,Создание и 			развитие интернационального веб-портала Уральского федерального округа,"800 000,00"
468,"Автономная 			некоммерческая организация ""Центр поддержки гражданских инициатив 			""Содействие""",Самарская 			область,"""Эстафета 			социально-педагогических инноваций""","500 000,00"
471,"Оренбургская 			региональная общественная организация ""Наша земля""",Оренбургская 			область,Аманат - 			завещание предков,"500 000,00"
476,"НП 			""Национальная академия туризма""",Санкт-Петербург,Возрождение 			культурно-исторического наследия России в регионах на основе динамичного и 			системного развития культурно-познавательного туризма,"900 000,00"
478,"Благотворительный 			фонд ""100 лет профсоюзного движения России""",г. Москва,Регулирование 			социально-трудовых отношений,"2 000 000,00"
479,"Общественная 			организация ""Северодвинская городская организация общества 			""Знание"" России",Архангельская 			область,Программа 			популяризации идеи образования для пожилых людей,"151 000,00"
487,"Общественная 			организация ""Всероссийское музыкальное общество"" (творческий союз)",г. Москва,"V Всероссийский 			конкурс исполнителей народной песни ""Голоса россии""","300 000,00"
488,Байкальский 			региональный общественный благотворительный фонд местного сообщества,Республика 			Бурятия,"""Маленькая 			Европа""","500 000,00"
494,"Автономная 			некоммерческая образовательная организация ""Воронежский институт высоких 			технологий""",Воронежская 			область,Разработка 			учебно-методического комплекса начального компьютерного образования и 			компьютерного тренажера для довузовской подготовки инвалидов к дистанционному 			обучению,"800 000,00"
499,"Региональная 			общественная организация работников детской, молодежной прессы и телевидения 			""Открытый эфир""",г. Москва,"""Детская 			музыкальная видеотека""","600 000,00"
500,"Некоммерческая 			организация ""Фонд содействия развитию спорта и медицины имени Героя 			России генерал-полковника А.А. Романова""",г. Москва,Культурно-патриотический 			фестиваль российской военной формы,"2 500 000,00"
501,"Пермская 			региональная общественная организация содействия развитию культуры ""Дом 			Дружбы""",Пермский край,"""Уроки 			добрососедства""","500 000,00"
504,"Общественная 			организация  ""Первая Галерея""",Республика 			Дагестан,"""Художники 			Дагестана. ""Декоративно-прикладное искусство XVIII- XX в.в."" 			биобиблиографическая иллюстрированная энциклопедия (том II)","500 000,00"
510,"Автономная 			некоммерческая организация ""Институт консалтинга экологических 			проектов""",г. Москва,Поддержка 			проектной деятельности старшеклассников для охраны и восстановления водных 			ресурсов,"475 000,00"
526,"Нижегородская  региональная  общественная  организация ""Социально-культурный 			центр федерация""",Нижегородская 			область,"""Молодежное 			патриотическое движение ""Мы - творцы"" (воспитание будущей 			интеллектуальной элиты Нижнего Новгорода)","500 000,00"
529,"Региональная 			общественная организация ""Центр духовно-нравственного единения 			""Будущее""",г. Москва,"Общественный 			культурно-просветительский проект ""Будущее россии""","2 100 000,00"
531,"Межрегиональный 			Благотворительный Фонд ""Семья России""",г. Москва,"Культурно-образовательный 			проект ""Здоровая семья в здоровом городе"" Национальная премия 			общественного признания ""Семья России""","2 200 000,00"
534,Краснодарская 			краевая молодёжная общественная организация,Краснодарский 			край,"""Школа 			социального проектирования""","600 000,00"
539,Некоммерческое 			партнерство Культурно-просветительское общество,Санкт-Петербург,Ведущие ученые 			Санкт-Петербурга - провинциальным школьникам и учителям,"500 000,00"
542,"Магаданская 			областная общественная Организация представителей татарского и башкирского 			народов ""Алтын-Ай""",Магаданская 			область,Возрождение и 			поддержание национальных обычаев и традиций,"500 000,00"
547,Региональная 			общественная организация «Ассоциация ученых-педагогов Дагестана»,Республика 			Дагестан,Социально-педагогическая 			и просветительская деятельность русскоязычных учителей в Дагестане в 30-50-х 			годах XX века,"200 000,00"
550,"Самарская 			общественная организация инвалидов-колясочников ""Ассоциация 			Десница"", общественная организация",Самарская 			область,"ВИВАТ 			(возможности, инвалидность, взаимодействие, студент!","500 000,00"
551,"Всероссийская 			общественная организация Героев, Кавалеров государственных наград и Лауреатов 			государственных премий ""Трудовая доблесть Росси""",г. Москва,"Международная 			научно- практическая конференция "" Россия - путь вперед"" (Пути 			построения в России социально справедливого государства)","250 000,00"
552,"Новосибирская 			областная общественная организация ""Институт развития города""",Новосибирская 			область,"""Разработка 			концепции культурной политики мегаполиса на примере Новосибирска""","400 			000,00"
554,"Некоммерческое 			партнерство ""Офис Туризма Великого Новгорода""",Новгородская 			область,"Создание ""Волонтерской 			информационной туристской службы""","300 			000,00"
562,"Воронежское 			региональное отделение Общероссийской общественной организации инвалидов 			""Всероссийское Ордена Трудового Красного  			Знамени общество слепых""",Воронежская 			область,Центр 			психологического консультирования и реабилитации инвалидов по зрению при 			Воронежском  региональном отделении ВОС,"500 000,00"
570,Самарское 			региональное отделение Конфедерации деловых женщин России,Самарская 			область,"Проект областной 			культуры: ""Социальный статус народной песни""","650 000,00"
571,"Ставропольская 			региональная общественная организация ""Экологический Конгресс 			Ставрополья. Академия Экологической безопасности""",Ставропольский 			край,"Образовательный 			центр ""Мыслитель""","300 000,00"
576,"Некоммерческая 			организация ""Благотворительный фонд ""Развитие""",Ставропольский 			край,"""Северный 			Кавказ: нам не жить друг без друга""","500 000,00"
577,Библиотечная 			ассоциация Республики Карелия,Республика 			Карелия,"Летний 			библиотечный лагерь ""Под одним небом""","190 000,00"
581,"Городской 			благотворительный фонд ""Развитие",Алтайский край,Рубцовск - город 			творчества,"200 000,00"
582,Региональный 			общественный Фонд поддержки Героев Советского Союза и Героев Российской 			Федерации имени генерала Е.Н. Кочешкова,г. Москва,Герои отечества 			- растим  патриотов,"500 000,00"
583,"Хабаровское 			краевое отделение Общероссийской общественной организации инвалидов 			""Всероссийское общество глухих""",Хабаровский край,"""Цвета 			радуги в мире тишины"" (Развитие материально-технической базы Дома 			культуры глухих ""Восток"")","200 000,00"
587,"Северо-Осетинская 			Общественная Организация ""ФАРН""-""FARN""",Республика 			Северная Осетия-Алания,"Культура и 			конфликт, гендерные аспекты: Учить и руководить - образовательная программа 			для учителей, молодежных лидеров, родителей и представителей администрации 			пост конфликтных регионов Северного Кавказа.","200 000,00"
590,"Некоммерческое 			партнерство поддержки литераторов ""Родные просторы""",Санкт-Петербург,"""Научная и 			творческая мысль современной россии:  			общия история, духовность, патриотизм в многонациональном 			отечестве""","200 000,00"
596,"Автономная 			некоммерческая организация ""Старорусский центр 			интеллектуально-художественного развития ""Введенская сторона""",Новгородская 			область,"""Высокий 			интеллект, культура и нравственность подрастающего поколения - залог 			стабильности государства в будущем""","200 000,00"
597,"Автономная 			Некоммерческая Организация  ""Центр 			социальных, образовательных и культурных программ имени братьев 			Бахрушиных""",г. Москва,"Социально-образовательные  технологии: ""Третий возраст - новые 			возможности""","1 400 000,00"
601,"Автономная 			некоммерческая организация ""Добрыня""",Пензенская 			область,"""Формирование 			общероссийской гражданской идентичности в полиэтническом регионе""","300 000,00"
603,"Карельская 			региональная общественная организация инвалидов - опорников 			""Петросино""",Республика 			Карелия,"""Истоки 			толерантности""","250 000,00"
604,"Русская 			школьная библиотечная ассоциация, ассоциация",г. Москва,Современный 			школьный библиотекарь - важнейший ресурс развития образования,"1 700 000,00"
614,"Приморский 			общественный фонд социальной поддержки и защиты военнослужащих-ветеранов 			локальных войн и военных конфликтов ""СОЛДАТ""",Приморский край,"""Оборудование  компьютерного класса в детском доме 			с.Ольховка , Кировского района , Приморского края""","500 000,00"
620,"Саратовское 			областное отделение Общероссийской общественной организации ""Российский 			Красный Крест""",Саратовская 			область,Как прекрасен 			этот мир,"500 000,00"
634,"Межрегиональный 			общественный фонд ""Образование в третьем тысячелетии""",г. Москва,Уроки малого 			предпринимательства,"3 000 000,00"
636,"Региональная 			общественная организация ""Историко-культурный поисковый центр 			""Обелиск""",г. Москва,Великая 			Отечественная - народная война (воспитание толерантности у подростков и 			молодежи через работу в многонациональном коллективе по увековечению памяти 			павших в годы Великой Отечественной войны),"400 000,00"
639,"Международный 			Союз экономистов, International Union of Economists, Inc",г. Москва,Мировой опыт и 			экономика России: новые источники энергии и их вклад в экономическое развитие 			и экономическую безопасность,"1 500 000,00"
640,"Общественная 			организация ""Вольное экономическое общество России""",г. Москва,Экономический 			рост России и экономическая безопасность,"1 500 000,00"
641,"Автономная 			некоммерческая организация ""Герои Отчизны""",г. Москва,"Международный 			форум Героев Советского Союза, Российской Федерации, Социалистического 			Труда  и молодёжи ""Звезда 			Героя"".","1 800 000,00"
643,"Автономная 			некоммерческая организация ""АПСНЫ""",г. Москва,"""Дети 			разных народов"" (молодежная общественная дипломатия)","700 000,00"
648,"Всероссийский 			союз общественных объединений ""Движение женщин за здоровье нации""",г. Москва,Санпросвет: 			воспитание здоровья,"3 500 000,00"
659,"Саранская 			городская детская экологическая общественная организация ""Зеленый 			мир""",Республика 			Мордовия,"Эколого - 			этнографический проект ""Дерево Земли, на которой я живу""","500 000,00"
662,"Региональный 			общественный фонд поддержки народного творчества Республики Алтай ""Арт 			Юнион""",Республика Алтай,"""Информационный 			центр- как экономическое и культурное развитие поселений Республики 			Алтай""","700 000,00"
666,"Межрегиональная  культурно-просветительская 			общественная  организация 			""Татарская община Санкт-Петербурга и Ленинградской области""",Санкт-Петербург,"Фестиваль 			народных культур и ремесел ""Перекресток культур""","700 000,00"
668,"Некоммерческий 			фонд содействия развитию интеллект - центров ""Интеллект-ХХI""",г. Москва,"Проект 			""Русский хлеб"", Направленный на социальную интеграцию и адаптацию 			мигрантов в городе Москве","700 000,00"
672,"Международная 			общественная организация ""Международная академия телевидения и 			радио""",г. Москва,"""Медиа-знание 			XXI""  Курс переподготовки 			работников региональных электронных СМИ","3 000 000,00"
673,"Орловское 			областное отделение Общероссийского общественного фонда ""Российский фонд 			мира""",Орловская 			область,Международный 			лагерь мира,"500 000,00"
674,"Городской 			благотворительный фонд ""Первоуральск - 21 век""",Свердловская 			область,"""Перекресток 			культур""","500 000,00"
676,"Красноярская 			региональная организация общественной организации общества ""Знание"" 			России",Красноярский 			край,Сибирский 			Открытый гражданский университет (СОГУ) - ресурс становления гражданского 			общества,"300 			000,00"
679,"Региональная 			общественная благотворительная организация инвалидов - ПараАртийский Центр 			""Иван да Марья""",г. Москва,"Параартиада (2007 ? 2008) ? 			Фестиваль искусств  ? ""Волшебная 			сила искусства спасает и лечит сердца""","300 			000,00"
681,"Курская 			областная детская общественная организация ""Детский центр мира""",Курская область,"""Мир дому 			твоему!""","200 000,00"
694,"Челябинская 			городская общественная организация  			""Челябинский Дом ученых""",Челябинская 			область,"Интеллектуальный 			центр Челябинского Дома ученых: ""Наука-отечеству""","400 000,00"
698,"Региональная 			общественная организация ""Татарская национально-культурная автономия г. 			Москвы""",г. Москва,"""От 			взаимного познания культур - к межнациональному доверию, дружбе и 			единству""","700 000,00"
702,"Иркутская 			областная общественная организация ""Ассоциация Байкальская экологическая 			сеть"" (""Байкал-экосеть"")",Иркутская 			область,"Байкаловедение: 			разработка, издание  и внедрение 			комплекта учебно-методических материалов в школьное образование Байкальского 			региона. Этап 2. Разработка макета учебника по байкаловедению для 5 класса","215 000,00"
705,"Негосударственное 			учреждение дополнительная ""Юношеская Автомобильная Школа"", г.Москва",г. Москва,"Образовательная 			программа профилактики  и 			предупреждения детского дорожно-транспортного травматизма, воспитание и  обучение участников дорожного движения в 			юношеских автомобильных школах.","3 000 000,00"
710,Общественная 			организация Союз педиатров России,г. Москва,Дистанционное 			образование в системе охраны здоровья детей,"800 000,00"
717,"Республиканская 			молодежная общественная организация ""Лидер-центр КБР""",Кабардино-Балкарская 			республика,"""Инициативы 			молодых""","300 000,00"
718,"Автономная 			некоммерческая организация  			""Общенациональный совет просветительских организаций""",г. Москва,Разработка 			системы организационно - методической и технологической модернизации 			Общественного просветительского движения России.   Проведение конгресса  просветительских организаций,"3 850 000,00"
725,"Региональная 			общественная организация ""Еврейский общинный культурный центр Рязанской 			области ""Хесед-Тшува""",Рязанская 			область,"Региональный 			межнациональный проект  ""Мы 			разные, и мы вместе""","300 000,00"
727,"Общественная 			организация - Ставропольская краевая организация общества ""Знание"" 			России",Ставропольский 			край,"Образование, 			досуг  пожилых людей - народный 			университет ""Третьего возраста"", факультеты: ""Экология и 			здоровье человека"", ""Активное долголетие"", 			""Психология"", ""Компьютерное образование""","300 			000,00"
728,Хабаровский 			краевой благотворительный общественный фонд культуры,Хабаровский край,Истоки,"500 			000,00"
729,"Брянский 			региональный общественный фонд здорового образа жизни ""Вместе за 			будущее""",Брянская область,"""Студия 			Мульт-мотив"" - Создание детско-юношеской студии анимации для 			формирования антинаркотического мировоззрения  			через мультипликацию и авторское кино"".","500 000,00"
732,Оренбургская 			областная общественная организация Российского Союза Молодежи,Оренбургская 			область,"Областной 			фестиваль гитарной песни ""Наполним музыкой сердца""","300 000,00"
741,"Евразийский 			центр современного искусства Курганская региональная общественная организация 			Структурное подразделение телестудия ""Rus Ecology Film""",Курганская 			область,"""Мы живем в 			России!"" - просветительский  			проект для детей средних образовательных школ России","800 000,00"
745,"Рязанское 			областное отделение общероссийского общественного благотворительного фонда 			""Российский детский фонд""",Рязанская 			область,"Межрегиональный 			фестиваль-конкурс детского юношеского творчества ""Паруса надежды"", 			предусматривающий участие в творческих коллективов и отдельных исполнителей 			всех жанров, действующих на базах детских домов и школ - интернатов 			Центрального Федерального округа","500 000,00"
755,"Некоммерческая 			организация Союз ""Гильдия книжников""",г. Москва,Русский каталог 			АВС. Интернет-каталог профессиональной книги мира,"3 000 000,00"
763,"Некоммерческий 			Фонд поддержки книгоиздания, образования и новых информационных технологий 			""Пушкинская библиотека""",г. Москва,"""Школа 			библиотечного лидерства: библиотеки как центры устойчивого развития местных 			сообществ России""","3 480 000,00"
773,"Свердловское 			региональное общественное учреждение ""Институт региональной 			политики"" (ИРП)",Свердловская 			область,"Общественно-политический 			журнал ""Уральский федеральный округ""","1 000 000,00"
787,"Автономная 			некоммерческая организация ""Реутовский инновационный центр""",Московская 			область,"Создание 			краеведческого интернет-портала  			""Моя Малая Родина"" и развитие социально доступного туризма","700 000,00"
789,"Межрегиональный  Общественный Фонд социальной безопасности 			""ПРАВОПОРЯДОК-ЩИТ""",г. Москва,"""Москва - 			вековечная столица России""","1 000 000,00"
790,"Общероссийская 			общественная организация работников средств массовой информации 			""МедиаСоюз""",г. Москва,"Разработка 			инновационного курса ""Печатная пресса"" для студентов журналистских 			факультетов","5 000 000,00"
812,"Некоммерческое 			партнерство ""Академия мировоззренческих технологий""",г. Москва,"Общенациональный 			проект ""Мирокультурная Россия: к зимним Олимпийским играм 2014 			года"".","2 000 000,00"
814,"Общественная 			организация по работе с детьми - инвалидами и их семьями ""Улыбка"" 			Спасского района",Приморский край,"""Здоровые 			дети - здоровая нация"".","500 000,00"
816,"Орловская 			региональная  общественная организация 			""Общество помощи аутичным детям СОЛНЫШКО""",Орловская 			область,"""Отворяя  двери надежды"".","300 000,00"
821,"Тверская 			региональная общественная организация ""Финский национально-культурный 			центр""",Тверская область,"Создание 			информационного центра ""Тверская Ингерманландия""","250 000,00"
826,"Карельская 			региональная общественная организация ""Свободное образование""",Республика 			Карелия,"""Азбука 			выживания"" (Создание образовательной среды,  способствующей  устойчивому социально-экономическому 			развитию региона и сохранению малых деревень Карелии как природно-исторического 			явления)","300 			000,00"
832,"Международный  Союз Общественных объединений 			""Конгресс по вопросам семьи, материнства и детства""",г. Москва,"Социально-культурный проект 			"" Право на выбор!""","3 			000 000,00"
837,"Фонд 			""ЕДИНЕНИЕ"" памяти Спасителя Отечества князя Дмитрия Пожарского",Ивановская 			область,"Информационная 			система ""Воины отечества""","500 000,00"
843,"Тюменская 			областная организация общества ""Знание"" России, ПТОО общества 			""Знание""",Тюменская 			область,"""Центр  социально-психологической   помощи и консультативной  поддержки""","400 000,00"
856,"Ассоциация 			производителей станкоинструментальной продукции ""Станкоинструмент""",г. Москва,"Создание 			""Универсального обучающего комплекса"" и инновационных методов 			подготовки высококвалифицированных специалистов по обслуживанию станков с ЧПУ","700 000,00"
861,"Фонд 			""Нанук"" (Фонд поддержки средствами кино и телевидения образования и 			творчества национальных меньшинств и коренных народов в местах их компактного 			проживания)",Пермский край,"""Дорогой 			героя Вазы""","500 000,00"
864,"Фонд 			""Независимая литературная премия ""Дебют""",г. Москва,"Разработка и 			создание сайта ""Новая литературная карта России""","6 715 000,00"
867,"""Общественное 			движение женщин Автозаводского района г.Нижний Новгород. ""Чайка""",Нижегородская 			область,"""Образовательный 			проект: по созданию ""Центров реинтеграции пожилых людей в общество""","1 090 000,00"
869,Фонд 			исторической фотографии имени Карла Буллы,Санкт-Петербург,"""Первый 			кадр"" - Фотошкола для детей, оставшихся без родителей","500 000,00"
870,Тверская 			областная общественная организация добровольного общества любителей книги - 			правопреемник Тверской областной общественной организации добровольного 			общества любителей книги России,Тверская область,"""Сказки, 			отраженные в Волге""","500 000,00"
871,"Воронежское 			региональное общественное движение ""Женское единство""",Воронежская 			область,"Социально-образовательный 			проект ""Школа жизни на селе""","1 000 000,00"
877,Некоммерческая 			организация Фонд Возрождения Народной Культуры,г. Москва,"""Поющая 			Душа России"" - серия анимационных фильмов для детей по мотивам русских 			народных песен","3 991 000,00"
879,"Некоммерческое 			партнерство ""Совет общественных и некоммерческих организаций Восточного 			административного округа г. Москвы""",г. Москва,"""Вместе 			весело шагать""","500 000,00"
881,"Ассоциация 			""Союз авиационного двигателестроения""",г. Москва,"Производство 			научно-популярного фильма о российских конструкторах двигателей для 			отечественного самолетостроения ""Вместо сердца пламенный мотор""","1 500 000,00"
886,"Карачаево 			- Черкесское республиканское общественное движение женщин ""Мир дому 			твоему""",Карачаево-Черкесская 			республика,"""Легко 			любить все человечество - попробуй полюбить соседа"" - воспитание 			толерантности в местном сообществе","270 000,00"
890,Тамбовский    региональный   общественный    Фонд   			содействия развития национальных  			проектов и информационных    			технологий,Тамбовская 			область,"Проект 			образовательной программы Тамбовской области ""Учиться всегда и 			везде""","300 			000,00"
897,"Ярославская 			региональная общественная организация ""Центр поддержки социальных 			программ и гражданских инициатив""",Ярославская 			область,"""Привлечение молодежи к 			формированию информационного пространства Ярославской области""","500 			000,00"
901,"Автономная 			некоммерческая организация ""Центр правовой поддержки местного 			самоуправления""",г. Москва,Подготовка 			кейсов по правовому обеспечению деятельности органов местного самоуправления 			всех уровней с целью повышения уровня профессиональной грамотности 			специалистов муниципальных органов,"3 500 000,00"
903,"Некоммерческий 			фонд ""Международный Общественный Фонд ""МИР БЕЗ ВОЙНЫ""",г. 			Москва,"Подвижник 			русского языка (в рамках программы ""Всемирное культурное наследие, 			фундаментальные ценности и русский язык"")","400 			000,00"
908,"Негосударственное 			учреждение ""Центр розыска и информации Общества Красного Креста"" 			(ЦРИ РОКК)",г. Москва,"""Народная дипломатия 			Красного Креста на службе розыска граждан""","500 			000,00"
910,"Автономная 			некоммерческая организация ""Институт антропотехники""",Московская 			область,Образовательный 			проект по подготовке и проведению семинаров-тренингов с целью формирования 			дипломатических команд по созданию региональных общественных палат,"3 500 000,00"
912,"Некоммерческое 			Партнерство ""Межрегиональное Авторское Содружество""",г. Москва,"Информационно-образовательный 			проект ""Культурные прививки"", направленный на пропаганду малого 			бизнеса и самозанятости в средствах массовой информации","4 877 000,00"
913,Ассоциация  ДиВиДи Издателей,г. Москва,"Проект 			""Историческая правда"" - программа мероприятий направленная на 			патриотическое воспитание молодежи","3 500 000,00"
921,"Всероссийский 			общественный Фонд ""Татарская семья""",Республика 			Татарстан,Здоровая семья,"1 			000 000,00"
934,"Саратовское 			региональное отделение Общероссийской общественной организации ""Союз 			театральных деятелей Российской Федерации (Всероссийское театральное 			общество)""",Саратовская 			область,"""Возвращение ""синей 			птицы"" детям-инвалидам, страдающим ДЦП""","300 			000,00"
937,"Ивановское 			отделение общественной организации ""Союз писателей России"", г. 			Иваново",Ивановская 			область,"""На крыльях 			пегаса""","320 000,00"
953,"Калмыцкое 			республиканское отделение Общероссийского общественного благотворительного 			фонда ""Российский детский фонд""",Республика 			Калмыкия,Проба пера,"300 000,00"
959,"Некоммерческая 			организация Фонд ""Фестиваль авторской песни имени Валерия Грушина""",г. 			Москва,"Фестиваль 			военно-патриотической и авторской песни ""Рубежи нашей памяти"", 			посвященный 65-летию Победы в Великой Отечественной войне","500 			000,00"
960,"Автономная 			некоммерческая организация ""Институт общественных и гуманитарных 			инициатив""",Архангельская 			область,"Агентство сельского развития 			Архангельской области""","185 			000,00"
962,"Чувашская 			республиканская общественная организация инвалидов ""союз 			""Чернобыль"", г. Чебоксары",Чувашская 			республика,"""Памяти 			живая нить""","525 000,00"
972,"Владимирская 			областная общественная организация ""Добровольная Ассоциация 			Некоммерческих Организаций""",Владимирская 			область,"""Гражданский 			университет. Система гражданского образования во Владимирской области""","300 			000,00"
976,"Автономная 			некоммерческая организация содействия развитию куль-турно-просветительской 			деятельности ""Диалог культур""",г. 			Москва,"Инициирование 			международного проекта организации системы меж-культурной коммуникации детей 			и подростков ""Мир. Культура. Диа-лог""","300 000,00"
1000,"Самарский 			областной общественный фонд по развитию образования ""Самарский фонд 			""Экос""",Самарская 			область,"""Помогая себе - помогаешь 			Земле"" (Формирование экологической культуры на каждом уроке)","300 			000,00"
1002,"НОУ 			СОШ ""Православная классическая гимназия ""Радонеж""",г. Москва,"Овладение 			профессиональными компетенциями в области культурного туризма и формирование 			через это активной гражданской позиции, инициативности и чувства патриотизма 			у молодежи","700 000,00"
1011,"Автономная 			некоммерческая организация ""Клуб имени Джерри Рубина"", г. Москва",г. 			Москва,"Проект 			""Фотоадаптация"" - фотоискусство в социальном потоке","500 			000,00"
1020,"Автономная 			некоммерческая организация  концертное 			агентство ""Виртуоз-концерт""",г. 			Москва,"Всероссийский 			кадетский военно-патриотический художественно-образовательный фестиваль 			""Золотой Эполет""","700 000,00"
1022,"Межрегиональная 			общественная благотворительная организация ""Дальневосточный общественный 			ресурсный центр ""Инициативная Сеть Активистов Региона""",Приморский 			край,Центр 			межнационального сотрудничества,"500 000,00"
1023,"Хакасская 			республиканская общественная организация  			Союз ""Чернобыль""",Республика 			Хакасия,"""Чернобыльская 			АЭС: катастрофа, труд, подвиг""","200 000,00"
1025,"Автономна 			некоммерческая организация образования и культуры ""Центр эстетического 			воспитания ""Рождественка""",г. 			Москва,"Общероссийский 			Фестиваль-конкурс ""Дети читают русскую классику""","300 000,00"
1026,"Общероссийская 			общественная организация ""Творческий Союз художников России""",г. 			Москва,"""Художник 			и педагог""","300 000,00"
1030,"Региональная 			общественная организация ""Столичный центр поддержки молодежных 			инициатив""",г. 			Москва,"""Общее 			дело""","500 000,00"
1032,"Некоммерческая 			благотворительная организация ""Мемориальный фонд культурного и 			творческого наследия С.И. и А.С. Ростоцких""",г. 			Москва,"""Русские 			усадьбы""","1 000 000,00"
1033,"Региональная 			общественная организация ""Дом молодёжных общественных объединений""",г. 			Москва,"""Клуб 			молодого москвича""","500 000,00"
1034,"Коми 			Республиканская организация Общероссийской общественной организации 			""Российский союз ветеранов Афганистана""",Республика 			Коми,"""Мы 			этой памяти верны""","300 000,00"
1035,"Общественная 			организация ""Российское общество социологов""",г. 			Москва,"Образовательно-просветительская 			программа ""Год социологии в России""","1 000 000,00"
1038,"Автономная 			некоммерческая организация ""Центр поддержки культуры и творчества 			""Вдохновение""",г. 			Москва,"""Ожерелье"" 			- общественный образовательный проект по развитию системы негосударственных 			детских образовательных, творческих и досуговых центров путем создания единой 			системы информационного обмена и взаимодействия","2 500 000,00"
1039,"Псковская 			областная общественная организация ""Центр устойчивого развития Псковской 			области""",Псковская 			область,Программа 			легализации и развития малого бизнеса - программа мероприятий направленная на 			повышения культурно - образовательного уровня представителей малого бизнеса,"2 500 000,00"
1042,"Коми 			региональная организация общероссийской общественной организации инвалидов 			""Всероссийское Ордена Трудового Красного Знамени общество слепых"" 			(Коми РО ВОС)",Республика 			Коми,Социальная 			реабилитация инвалидов по зрению Республики Коми через современные технологии,"500 000,00"
1046,"Региональная 			общественная организация ""Женская занятость""",г. 			Москва,"""Региональные 			выпуски журнала ""Социальное партнерство - опыт конструктивного 			взаимодействия общественности, власти, и социально ориентированного 			бизнеса""","150 000,00"
1048,"Автономная 			Некоммерческая Организация науки  и 			культуры ""Женский проект СПб""",Санкт-Петербург,"Петербургский 			фестиваль семейного чтения ""Домашние вечера""","200 000,00"
1080,"Региональная 			общественная организация ""Институт проблем гражданского общества""",г. 			Москва,"""Информационные 			ресурсы для гражданского образования""","5 000 000,00"
1086,"Некоммерческое 			партнерство содействия развитию институтов гражданского общества 			""ВАТАНЫМ"", г. Москва",г. 			Москва,"Издание 			и распространение газеты ""татарский мир"" и журнал ""восточный 			свет""","4 500 000,00"
1104,"Некоммерческая 			организация ""Фонд реализации городских социальных программ""",Мурманская 			область,"""Школа 			НКО""","300 000,00"
1106,Тольяттинская 			городская общественная организация памяти Адмирала Ушакова,Самарская 			область,"""Улица 			Ушакова""","300 000,00"
1126,"Автономная 			некоммерческая организация ""Центр развития и укрепления 			внешнеэкономических связей ""Прогресс""",г. 			Москва,Программа 			мероприятий по созданию межрегионального  			учебного и информационно-консультативного центра направленная на 			повышение качества кадрового и информационно-аналитического обеспечения 			Субъектов Федерации в области внешних экономических связей,"5 000 000,00"
1127,"Некоммерческая 			организация ""Фонд Возрождение Собора Рождества Пресвятой Богородицы в п. 			Катунки""",Нижегородская 			область,"""Дорога 			к храму"" - программа культурно-просветительских мероприятий направленная 			на приобщение молодого поколения и широкой общественности к историческому, 			культурному и духовному наследию Новгородской области","2 500 000,00"
1128,"Некоммерческое 			образовательное учреждение ""Российская Академия адвокатуры. 			(Институт)""",г. 			Москва,"""Имею 			право"" (Совершенствование российского правосудия и адвакатуры усилиями 			НПО)","6 000 000,00"
